{"cameraMode":{"drawMode":0,"name":"Shaded","section":"Shading Mode"},"sceneLighting":false,"audioPlay":false,"sceneViewState":{"showFog":true,"showMaterialUpdate":false,"showSkybox":true,"showFlares":true,"showImageEffects":true,"showParticleSystems":true},"in2DMode":false,"pivot":{"x":-2.7242908477783205,"y":0.8234329223632813,"z":1.9012470245361329},"rotation":{"x":-0.1972118616104126,"y":-0.7134102582931519,"z":-0.2216147780418396,"w":0.6348544359207153},"size":22.0,"orthographic":false}